<?xml version="1.0" encoding="UTF-8"?>
<project-private xmlns="http://www.netbeans.org/ns/project-private/1">
    <editor-bookmarks xmlns="http://www.netbeans.org/ns/editor-bookmarks/2" lastBookmarkId="0"/>
    <open-files xmlns="http://www.netbeans.org/ns/projectui-open-files/2">
        <group name="MPhil">
            <file>file:/C:/Users/lmous/Dropbox/teaching/MPhil/JohnBeker_deufaltMths/src/gr/teiemt/lmous/johnBeker/CardPlayer.java</file>
            <file>file:/C:/Users/lmous/Dropbox/teaching/MPhil/JohnBeker_deufaltMths/src/gr/teiemt/lmous/johnBeker/PersonDicePlayer.java</file>
            <file>file:/C:/Users/lmous/Dropbox/teaching/MPhil/JohnBeker_deufaltMths/src/gr/teiemt/lmous/johnBeker/Two5CardDicePlayer.java</file>
            <file>file:/C:/Users/lmous/Dropbox/teaching/MPhil/JohnBeker_deufaltMths/src/gr/teiemt/lmous/johnBeker/Two6CardDicePlayer.java</file>
            <file>file:/C:/Users/lmous/Dropbox/teaching/MPhil/JohnBeker_deufaltMths/src/gr/teiemt/lmous/johnBeker/PersonCardPlayer.java</file>
        </group>
    </open-files>
</project-private>
